<?xml version="1.0" encoding="UTF-8"?>
	<root>
	<mode name="ArenaMode" modeid="380" realversion="105.1" prev_version="103.1"/>
	<mode name="ChessPlayerRes" modeid="0" realversion="183.1" prev_version="181.1"/>
	<mode name="CloneImbaMode" modeid="360" realversion="123.1" prev_version="121.1"/>
	<mode name="CloneImbaOneRoadMode" modeid="390" realversion="103.1" prev_version="101.1"/>
	<mode name="CloneMode" modeid="220" realversion="107.1" prev_version="105.1"/>
	<mode name="CommonRes" modeid="0" realversion="77.1" prev_version="75.1"/>
	<mode name="DayBreakMode" modeid="400" realversion="87.1" prev_version="85.1"/>
	<mode name="DeathRacingMode" modeid="230" realversion="107.1" prev_version="105.1"/>
	<mode name="DefenceMode" modeid="320" realversion="111.1" prev_version="109.1"/>
	<mode name="DisOrderMode" modeid="130" realversion="9.1" prev_version="7.1"/>
	<mode name="EvolutionMode" modeid="270" realversion="105.1" prev_version="103.1"/>
	<mode name="HotHeroMode" modeid="420" realversion="37.1" prev_version="35.1"/>
	<mode name="ImbaMode" modeid="260" realversion="123.1" prev_version="121.1"/>
	<mode name="MagicChess" modeid="340" realversion="191.1" prev_version="189.1"/>
	<mode name="MonsterRes" modeid="0" realversion="103.1" prev_version="101.1"/>
	<mode name="PartyMode" modeid="410" realversion="37.1" prev_version="35.1"/>
	<mode name="ResHotFix" modeid="0" realversion="65.1" prev_version="63.1"/>
	<mode name="ScrambleMode" modeid="280" realversion="115.1" prev_version="113.1"/>
	</root>
